entity:terra_mhub_prostatex_inference_only_id	adcSeriesInstanceUIDs	collection_id	dicomCodeMeaningProstate_lst	dicomCodeValuesProstate_lst	dicomCodingSchemeDesignatorProstate_lst	dicomSrAiCodeMeaning_lst	dicomSrAiCodeValues_lst	dicomSrAiCodingSchemeDesignator_lst	finalCompressedOutputFile	mhubCompressedOutputFile	mhub_model_name_lst	mhubaiCustomSegmentAlgorithmName_lst	mhubai_custom_config_lst	radsAiCompressedOutputFile	res_scheme_format	seriesInstanceUIDs
0	["1.3.6.1.4.1.14519.5.2.1.7311.5101.270808924337632141946138074412","1.3.6.1.4.1.14519.5.2.1.7311.5101.148704171283846860978999274668","1.3.6.1.4.1.14519.5.2.1.7310.5101.673634314399079276064924094917","1.3.6.1.4.1.14519.5.2.1.7311.5101.582912840173786974805391540023","1.3.6.1.4.1.14519.5.2.1.7310.5101.118097947947136576435427476587","1.3.6.1.4.1.14519.5.2.1.7311.5101.824058088921163684863998049959","1.3.6.1.4.1.14519.5.2.1.7310.5101.853236975489025820250583361764","1.3.6.1.4.1.14519.5.2.1.7310.5101.281952749733152756197647206417","1.3.6.1.4.1.14519.5.2.1.7311.5101.190686717844986628138940372161","1.3.6.1.4.1.14519.5.2.1.7311.5101.280637806488898882044561911354","1.3.6.1.4.1.14519.5.2.1.7311.5101.296423075919819249240647030502","1.3.6.1.4.1.14519.5.2.1.7311.5101.962877064616487409510310154898"]	"prostatex_inference_only"	["Prostatic_structure","Prostate"]	["41216001","T-9200B"]	["SCT","SRT"]	["Prostatic_structure","Structure_of_peripheral_glandular_zone_of_prostate_(body_structure)","Structure_of_transition_zone_of_prostate_(body_structure)"]	["41216001","279706003","399384005"]	["SCT","SCT","SCT"]	gs://fc-5af492dc-6993-4c91-bbf6-3e2747868642/submissions/e42e3de9-9c5c-4791-94b2-61ebeb5bca15/mhubai_workflow/956a3c2f-ddc2-49ca-b5ec-6c2e1ec10775/call-combine_outputs_inference/agg_archive.tar.lz4	["gs://fc-5af492dc-6993-4c91-bbf6-3e2747868642/submissions/e42e3de9-9c5c-4791-94b2-61ebeb5bca15/mhubai_workflow/956a3c2f-ddc2-49ca-b5ec-6c2e1ec10775/call-ai_combine_seg/shard-0/ai_combination_archive.tar.lz4","gs://fc-5af492dc-6993-4c91-bbf6-3e2747868642/submissions/e42e3de9-9c5c-4791-94b2-61ebeb5bca15/mhubai_workflow/956a3c2f-ddc2-49ca-b5ec-6c2e1ec10775/call-ai_combine_seg/shard-1/ai_combination_archive.tar.lz4","gs://fc-5af492dc-6993-4c91-bbf6-3e2747868642/submissions/e42e3de9-9c5c-4791-94b2-61ebeb5bca15/mhubai_workflow/956a3c2f-ddc2-49ca-b5ec-6c2e1ec10775/call-ai_combine_seg/shard-2/ai_combination_archive.tar.lz4","gs://fc-5af492dc-6993-4c91-bbf6-3e2747868642/submissions/e42e3de9-9c5c-4791-94b2-61ebeb5bca15/mhubai_workflow/956a3c2f-ddc2-49ca-b5ec-6c2e1ec10775/call-ai_combine_seg/shard-3/ai_combination_archive.tar.lz4"]	["bamf_nnunet_mr_prostate","nnunet_prostate_task24","monai_prostate158","nnunet_prostate_zonal_task05"]	["bamf_nnunet_mr_prostate","nnunet_prostate_task24","monai_prostate158","nnunet_prostate_zonal_task05"]	["default","default","default","default"]	["gs://fc-5af492dc-6993-4c91-bbf6-3e2747868642/submissions/e42e3de9-9c5c-4791-94b2-61ebeb5bca15/mhubai_workflow/956a3c2f-ddc2-49ca-b5ec-6c2e1ec10775/call-ai_rads/shard-0/radiomics_archive.tar.lz4","gs://fc-5af492dc-6993-4c91-bbf6-3e2747868642/submissions/e42e3de9-9c5c-4791-94b2-61ebeb5bca15/mhubai_workflow/956a3c2f-ddc2-49ca-b5ec-6c2e1ec10775/call-ai_rads/shard-1/radiomics_archive.tar.lz4","gs://fc-5af492dc-6993-4c91-bbf6-3e2747868642/submissions/e42e3de9-9c5c-4791-94b2-61ebeb5bca15/mhubai_workflow/956a3c2f-ddc2-49ca-b5ec-6c2e1ec10775/call-ai_rads/shard-2/radiomics_archive.tar.lz4","gs://fc-5af492dc-6993-4c91-bbf6-3e2747868642/submissions/e42e3de9-9c5c-4791-94b2-61ebeb5bca15/mhubai_workflow/956a3c2f-ddc2-49ca-b5ec-6c2e1ec10775/call-ai_rads/shard-3/radiomics_archive.tar.lz4"]	nii	["1.3.6.1.4.1.14519.5.2.1.7311.5101.155875154686610653777230856177","1.3.6.1.4.1.14519.5.2.1.7311.5101.175570448971296597162147241386","1.3.6.1.4.1.14519.5.2.1.7310.5101.318856235542799349557600990165","1.3.6.1.4.1.14519.5.2.1.7311.5101.178750617003896154912438088527","1.3.6.1.4.1.14519.5.2.1.7310.5101.233894782007809884236855995183","1.3.6.1.4.1.14519.5.2.1.7311.5101.252185783543855817242399041825","1.3.6.1.4.1.14519.5.2.1.7310.5101.337896560664468718350275750005","1.3.6.1.4.1.14519.5.2.1.7310.5101.898676446450078900613536879876","1.3.6.1.4.1.14519.5.2.1.7311.5101.526460710084012176738138857947","1.3.6.1.4.1.14519.5.2.1.7311.5101.186553403053805718209125341361","1.3.6.1.4.1.14519.5.2.1.7311.5101.180041601751316950966041961765","1.3.6.1.4.1.14519.5.2.1.7311.5101.113779685300839787361676127393"]
1	["1.3.6.1.4.1.14519.5.2.1.7311.5101.270880220128055912060681444250","1.3.6.1.4.1.14519.5.2.1.7311.5101.234186953680359185394448989538","1.3.6.1.4.1.14519.5.2.1.7311.5101.197478280746368705921178956755","1.3.6.1.4.1.14519.5.2.1.7310.5101.158288566172596820987039760581","1.3.6.1.4.1.14519.5.2.1.7310.5101.188666642699480965450596824050","1.3.6.1.4.1.14519.5.2.1.7310.5101.300844628939453367746166521383","1.3.6.1.4.1.14519.5.2.1.7310.5101.891428055141218996116751603410","1.3.6.1.4.1.14519.5.2.1.7311.5101.162162009774354602441435885659","1.3.6.1.4.1.14519.5.2.1.7310.5101.207807667010413258552797438672","1.3.6.1.4.1.14519.5.2.1.7310.5101.262498101080075571402660134418","1.3.6.1.4.1.14519.5.2.1.7311.5101.268035183347383697710932605734","1.3.6.1.4.1.14519.5.2.1.7311.5101.156120350250905489183047793861"]	"prostatex_inference_only"	["Prostatic_structure","Prostate"]	["41216001","T-9200B"]	["SCT","SRT"]	["Prostatic_structure","Structure_of_peripheral_glandular_zone_of_prostate_(body_structure)","Structure_of_transition_zone_of_prostate_(body_structure)"]	["41216001","279706003","399384005"]	["SCT","SCT","SCT"]	gs://fc-5af492dc-6993-4c91-bbf6-3e2747868642/submissions/e42e3de9-9c5c-4791-94b2-61ebeb5bca15/mhubai_workflow/02266bfd-4d5b-4b7b-ae11-7780d80a5030/call-combine_outputs_inference/agg_archive.tar.lz4	["gs://fc-5af492dc-6993-4c91-bbf6-3e2747868642/submissions/e42e3de9-9c5c-4791-94b2-61ebeb5bca15/mhubai_workflow/02266bfd-4d5b-4b7b-ae11-7780d80a5030/call-ai_combine_seg/shard-0/ai_combination_archive.tar.lz4","gs://fc-5af492dc-6993-4c91-bbf6-3e2747868642/submissions/e42e3de9-9c5c-4791-94b2-61ebeb5bca15/mhubai_workflow/02266bfd-4d5b-4b7b-ae11-7780d80a5030/call-ai_combine_seg/shard-1/ai_combination_archive.tar.lz4","gs://fc-5af492dc-6993-4c91-bbf6-3e2747868642/submissions/e42e3de9-9c5c-4791-94b2-61ebeb5bca15/mhubai_workflow/02266bfd-4d5b-4b7b-ae11-7780d80a5030/call-ai_combine_seg/shard-2/ai_combination_archive.tar.lz4","gs://fc-5af492dc-6993-4c91-bbf6-3e2747868642/submissions/e42e3de9-9c5c-4791-94b2-61ebeb5bca15/mhubai_workflow/02266bfd-4d5b-4b7b-ae11-7780d80a5030/call-ai_combine_seg/shard-3/ai_combination_archive.tar.lz4"]	["bamf_nnunet_mr_prostate","nnunet_prostate_task24","monai_prostate158","nnunet_prostate_zonal_task05"]	["bamf_nnunet_mr_prostate","nnunet_prostate_task24","monai_prostate158","nnunet_prostate_zonal_task05"]	["default","default","default","default"]	["gs://fc-5af492dc-6993-4c91-bbf6-3e2747868642/submissions/e42e3de9-9c5c-4791-94b2-61ebeb5bca15/mhubai_workflow/02266bfd-4d5b-4b7b-ae11-7780d80a5030/call-ai_rads/shard-0/radiomics_archive.tar.lz4","gs://fc-5af492dc-6993-4c91-bbf6-3e2747868642/submissions/e42e3de9-9c5c-4791-94b2-61ebeb5bca15/mhubai_workflow/02266bfd-4d5b-4b7b-ae11-7780d80a5030/call-ai_rads/shard-1/radiomics_archive.tar.lz4","gs://fc-5af492dc-6993-4c91-bbf6-3e2747868642/submissions/e42e3de9-9c5c-4791-94b2-61ebeb5bca15/mhubai_workflow/02266bfd-4d5b-4b7b-ae11-7780d80a5030/call-ai_rads/shard-2/radiomics_archive.tar.lz4","gs://fc-5af492dc-6993-4c91-bbf6-3e2747868642/submissions/e42e3de9-9c5c-4791-94b2-61ebeb5bca15/mhubai_workflow/02266bfd-4d5b-4b7b-ae11-7780d80a5030/call-ai_rads/shard-3/radiomics_archive.tar.lz4"]	nii	["1.3.6.1.4.1.14519.5.2.1.7311.5101.468264361024689646978006199785","1.3.6.1.4.1.14519.5.2.1.7311.5101.266720221212035669954581062639","1.3.6.1.4.1.14519.5.2.1.7311.5101.109832262779867794170417053903","1.3.6.1.4.1.14519.5.2.1.7310.5101.597931254098755159310144472621","1.3.6.1.4.1.14519.5.2.1.7310.5101.568951414433420775694157731047","1.3.6.1.4.1.14519.5.2.1.7310.5101.146055499910123598193974731986","1.3.6.1.4.1.14519.5.2.1.7310.5101.217705819956691748023253683197","1.3.6.1.4.1.14519.5.2.1.7311.5101.146422450520894659910416624671","1.3.6.1.4.1.14519.5.2.1.7310.5101.297260986967184085777069455341","1.3.6.1.4.1.14519.5.2.1.7310.5101.460054567474206412344710730403","1.3.6.1.4.1.14519.5.2.1.7311.5101.282008038881694967871335639325","1.3.6.1.4.1.14519.5.2.1.7311.5101.192880613789296100694211103696"]
2	["1.3.6.1.4.1.14519.5.2.1.7311.5101.266793471305641527688193133424","1.3.6.1.4.1.14519.5.2.1.7311.5101.136789215825836336478340876965","1.3.6.1.4.1.14519.5.2.1.7311.5101.120802453779276660250207896652","1.3.6.1.4.1.14519.5.2.1.7310.5101.316676922873753750338567457655","1.3.6.1.4.1.14519.5.2.1.7311.5101.278695891342595831602223595460","1.3.6.1.4.1.14519.5.2.1.7310.5101.215166683534627586144595628817","1.3.6.1.4.1.14519.5.2.1.7310.5101.214982056371068486790156322335","1.3.6.1.4.1.14519.5.2.1.7311.5101.215218556736031832322451746263","1.3.6.1.4.1.14519.5.2.1.7311.5101.254312067863288151434474213915","1.3.6.1.4.1.14519.5.2.1.7311.5101.962877064616487409510310154898","1.3.6.1.4.1.14519.5.2.1.7310.5101.734207802416954343865854457581","1.3.6.1.4.1.14519.5.2.1.7310.5101.159373317147248704482566433879"]	"prostatex_inference_only"	["Prostatic_structure","Prostate"]	["41216001","T-9200B"]	["SCT","SRT"]	["Prostatic_structure","Structure_of_peripheral_glandular_zone_of_prostate_(body_structure)","Structure_of_transition_zone_of_prostate_(body_structure)"]	["41216001","279706003","399384005"]	["SCT","SCT","SCT"]	gs://fc-5af492dc-6993-4c91-bbf6-3e2747868642/submissions/e42e3de9-9c5c-4791-94b2-61ebeb5bca15/mhubai_workflow/d6d91721-1a1b-40b4-8923-4ac04643ead0/call-combine_outputs_inference/agg_archive.tar.lz4	["gs://fc-5af492dc-6993-4c91-bbf6-3e2747868642/submissions/e42e3de9-9c5c-4791-94b2-61ebeb5bca15/mhubai_workflow/d6d91721-1a1b-40b4-8923-4ac04643ead0/call-ai_combine_seg/shard-0/ai_combination_archive.tar.lz4","gs://fc-5af492dc-6993-4c91-bbf6-3e2747868642/submissions/e42e3de9-9c5c-4791-94b2-61ebeb5bca15/mhubai_workflow/d6d91721-1a1b-40b4-8923-4ac04643ead0/call-ai_combine_seg/shard-1/ai_combination_archive.tar.lz4","gs://fc-5af492dc-6993-4c91-bbf6-3e2747868642/submissions/e42e3de9-9c5c-4791-94b2-61ebeb5bca15/mhubai_workflow/d6d91721-1a1b-40b4-8923-4ac04643ead0/call-ai_combine_seg/shard-2/ai_combination_archive.tar.lz4","gs://fc-5af492dc-6993-4c91-bbf6-3e2747868642/submissions/e42e3de9-9c5c-4791-94b2-61ebeb5bca15/mhubai_workflow/d6d91721-1a1b-40b4-8923-4ac04643ead0/call-ai_combine_seg/shard-3/ai_combination_archive.tar.lz4"]	["bamf_nnunet_mr_prostate","nnunet_prostate_task24","monai_prostate158","nnunet_prostate_zonal_task05"]	["bamf_nnunet_mr_prostate","nnunet_prostate_task24","monai_prostate158","nnunet_prostate_zonal_task05"]	["default","default","default","default"]	["gs://fc-5af492dc-6993-4c91-bbf6-3e2747868642/submissions/e42e3de9-9c5c-4791-94b2-61ebeb5bca15/mhubai_workflow/d6d91721-1a1b-40b4-8923-4ac04643ead0/call-ai_rads/shard-0/radiomics_archive.tar.lz4","gs://fc-5af492dc-6993-4c91-bbf6-3e2747868642/submissions/e42e3de9-9c5c-4791-94b2-61ebeb5bca15/mhubai_workflow/d6d91721-1a1b-40b4-8923-4ac04643ead0/call-ai_rads/shard-1/radiomics_archive.tar.lz4","gs://fc-5af492dc-6993-4c91-bbf6-3e2747868642/submissions/e42e3de9-9c5c-4791-94b2-61ebeb5bca15/mhubai_workflow/d6d91721-1a1b-40b4-8923-4ac04643ead0/call-ai_rads/shard-2/radiomics_archive.tar.lz4","gs://fc-5af492dc-6993-4c91-bbf6-3e2747868642/submissions/e42e3de9-9c5c-4791-94b2-61ebeb5bca15/mhubai_workflow/d6d91721-1a1b-40b4-8923-4ac04643ead0/call-ai_rads/shard-3/radiomics_archive.tar.lz4"]	nii	["1.3.6.1.4.1.14519.5.2.1.7311.5101.160225377533762960695041069832","1.3.6.1.4.1.14519.5.2.1.7311.5101.166265209513832781969059787909","1.3.6.1.4.1.14519.5.2.1.7311.5101.472900684997509231929411950536","1.3.6.1.4.1.14519.5.2.1.7310.5101.165300442724253983589878240856","1.3.6.1.4.1.14519.5.2.1.7311.5101.357054868848226402548612686613","1.3.6.1.4.1.14519.5.2.1.7310.5101.260386623049829078909727548239","1.3.6.1.4.1.14519.5.2.1.7310.5101.156355474235536930096765953749","1.3.6.1.4.1.14519.5.2.1.7311.5101.149728379277305470281540696443","1.3.6.1.4.1.14519.5.2.1.7311.5101.252385246988168654915352850239","1.3.6.1.4.1.14519.5.2.1.7311.5101.322192860849906453257530108507","1.3.6.1.4.1.14519.5.2.1.7310.5101.160790365125422086890146773634","1.3.6.1.4.1.14519.5.2.1.7310.5101.259467270859277582122403078829"]
3	["1.3.6.1.4.1.14519.5.2.1.7311.5101.550321537650602511950417746731","1.3.6.1.4.1.14519.5.2.1.7311.5101.858616624854613614281476868133","1.3.6.1.4.1.14519.5.2.1.7311.5101.239473380967351491400847491323","1.3.6.1.4.1.14519.5.2.1.7311.5101.189019179920271414058776938576","1.3.6.1.4.1.14519.5.2.1.7311.5101.175278796024019579392034151510","1.3.6.1.4.1.14519.5.2.1.7311.5101.582776865502320643348591985131","1.3.6.1.4.1.14519.5.2.1.7311.5101.278358228783511961204087191158","1.3.6.1.4.1.14519.5.2.1.7311.5101.187096932537760230926628650340","1.3.6.1.4.1.14519.5.2.1.7310.5101.436598750078659563316268686262","1.3.6.1.4.1.14519.5.2.1.7311.5101.159508391788484067774603933105","1.3.6.1.4.1.14519.5.2.1.7311.5101.162457375863139960979234570506","1.3.6.1.4.1.14519.5.2.1.7311.5101.100179489424165682865915330280"]	"prostatex_inference_only"	["Prostatic_structure","Prostate"]	["41216001","T-9200B"]	["SCT","SRT"]	["Prostatic_structure","Structure_of_peripheral_glandular_zone_of_prostate_(body_structure)","Structure_of_transition_zone_of_prostate_(body_structure)"]	["41216001","279706003","399384005"]	["SCT","SCT","SCT"]	gs://fc-5af492dc-6993-4c91-bbf6-3e2747868642/submissions/e42e3de9-9c5c-4791-94b2-61ebeb5bca15/mhubai_workflow/df864821-488c-4a26-b6d8-a97c4ce7696d/call-combine_outputs_inference/agg_archive.tar.lz4	["gs://fc-5af492dc-6993-4c91-bbf6-3e2747868642/submissions/e42e3de9-9c5c-4791-94b2-61ebeb5bca15/mhubai_workflow/df864821-488c-4a26-b6d8-a97c4ce7696d/call-ai_combine_seg/shard-0/ai_combination_archive.tar.lz4","gs://fc-5af492dc-6993-4c91-bbf6-3e2747868642/submissions/e42e3de9-9c5c-4791-94b2-61ebeb5bca15/mhubai_workflow/df864821-488c-4a26-b6d8-a97c4ce7696d/call-ai_combine_seg/shard-1/ai_combination_archive.tar.lz4","gs://fc-5af492dc-6993-4c91-bbf6-3e2747868642/submissions/e42e3de9-9c5c-4791-94b2-61ebeb5bca15/mhubai_workflow/df864821-488c-4a26-b6d8-a97c4ce7696d/call-ai_combine_seg/shard-2/ai_combination_archive.tar.lz4","gs://fc-5af492dc-6993-4c91-bbf6-3e2747868642/submissions/e42e3de9-9c5c-4791-94b2-61ebeb5bca15/mhubai_workflow/df864821-488c-4a26-b6d8-a97c4ce7696d/call-ai_combine_seg/shard-3/ai_combination_archive.tar.lz4"]	["bamf_nnunet_mr_prostate","nnunet_prostate_task24","monai_prostate158","nnunet_prostate_zonal_task05"]	["bamf_nnunet_mr_prostate","nnunet_prostate_task24","monai_prostate158","nnunet_prostate_zonal_task05"]	["default","default","default","default"]	["gs://fc-5af492dc-6993-4c91-bbf6-3e2747868642/submissions/e42e3de9-9c5c-4791-94b2-61ebeb5bca15/mhubai_workflow/df864821-488c-4a26-b6d8-a97c4ce7696d/call-ai_rads/shard-0/radiomics_archive.tar.lz4","gs://fc-5af492dc-6993-4c91-bbf6-3e2747868642/submissions/e42e3de9-9c5c-4791-94b2-61ebeb5bca15/mhubai_workflow/df864821-488c-4a26-b6d8-a97c4ce7696d/call-ai_rads/shard-1/radiomics_archive.tar.lz4","gs://fc-5af492dc-6993-4c91-bbf6-3e2747868642/submissions/e42e3de9-9c5c-4791-94b2-61ebeb5bca15/mhubai_workflow/df864821-488c-4a26-b6d8-a97c4ce7696d/call-ai_rads/shard-2/radiomics_archive.tar.lz4","gs://fc-5af492dc-6993-4c91-bbf6-3e2747868642/submissions/e42e3de9-9c5c-4791-94b2-61ebeb5bca15/mhubai_workflow/df864821-488c-4a26-b6d8-a97c4ce7696d/call-ai_rads/shard-3/radiomics_archive.tar.lz4"]	nii	["1.3.6.1.4.1.14519.5.2.1.7311.5101.285223877732426820048747382713","1.3.6.1.4.1.14519.5.2.1.7311.5101.287403883614425048490255475041","1.3.6.1.4.1.14519.5.2.1.7311.5101.119868581724901379856626647643","1.3.6.1.4.1.14519.5.2.1.7311.5101.271991298059338527584681788043","1.3.6.1.4.1.14519.5.2.1.7311.5101.258067469374761412596368241889","1.3.6.1.4.1.14519.5.2.1.7311.5101.101130890931274399577478152963","1.3.6.1.4.1.14519.5.2.1.7311.5101.206828891270520544417996275680","1.3.6.1.4.1.14519.5.2.1.7311.5101.239696172860207577230170745733","1.3.6.1.4.1.14519.5.2.1.7310.5101.120756940005818126381807185012","1.3.6.1.4.1.14519.5.2.1.7311.5101.179061211347773359586192609623","1.3.6.1.4.1.14519.5.2.1.7311.5101.318660391556220519803669869815","1.3.6.1.4.1.14519.5.2.1.7311.5101.188139215577213234230834229650"]
4	["1.3.6.1.4.1.14519.5.2.1.7311.5101.268306622389087083501630746716","1.3.6.1.4.1.14519.5.2.1.7311.5101.187363604265568914879477382445","1.3.6.1.4.1.14519.5.2.1.7311.5101.153365644235895711211884025336","1.3.6.1.4.1.14519.5.2.1.7310.5101.469513116788489685189214056544","1.3.6.1.4.1.14519.5.2.1.7311.5101.306670854887133177188202025871","1.3.6.1.4.1.14519.5.2.1.7311.5101.115597013824682917210127113070","1.3.6.1.4.1.14519.5.2.1.7311.5101.118713536835388076645425161258","1.3.6.1.4.1.14519.5.2.1.7310.5101.128747197565002202627346706784","1.3.6.1.4.1.14519.5.2.1.7311.5101.289104715425937717072906075119","1.3.6.1.4.1.14519.5.2.1.7310.5101.326810608286872101015298907669","1.3.6.1.4.1.14519.5.2.1.7310.5101.210653386928201134275150226985","1.3.6.1.4.1.14519.5.2.1.7311.5101.907124309178432475856228801409"]	"prostatex_inference_only"	["Prostatic_structure","Prostate"]	["41216001","T-9200B"]	["SCT","SRT"]	["Prostatic_structure","Structure_of_peripheral_glandular_zone_of_prostate_(body_structure)","Structure_of_transition_zone_of_prostate_(body_structure)"]	["41216001","279706003","399384005"]	["SCT","SCT","SCT"]	gs://fc-5af492dc-6993-4c91-bbf6-3e2747868642/submissions/e42e3de9-9c5c-4791-94b2-61ebeb5bca15/mhubai_workflow/50f87409-3d8d-45a3-9345-58d8160e6f2c/call-combine_outputs_inference/agg_archive.tar.lz4	["gs://fc-5af492dc-6993-4c91-bbf6-3e2747868642/submissions/e42e3de9-9c5c-4791-94b2-61ebeb5bca15/mhubai_workflow/50f87409-3d8d-45a3-9345-58d8160e6f2c/call-ai_combine_seg/shard-0/ai_combination_archive.tar.lz4","gs://fc-5af492dc-6993-4c91-bbf6-3e2747868642/submissions/e42e3de9-9c5c-4791-94b2-61ebeb5bca15/mhubai_workflow/50f87409-3d8d-45a3-9345-58d8160e6f2c/call-ai_combine_seg/shard-1/ai_combination_archive.tar.lz4","gs://fc-5af492dc-6993-4c91-bbf6-3e2747868642/submissions/e42e3de9-9c5c-4791-94b2-61ebeb5bca15/mhubai_workflow/50f87409-3d8d-45a3-9345-58d8160e6f2c/call-ai_combine_seg/shard-2/ai_combination_archive.tar.lz4","gs://fc-5af492dc-6993-4c91-bbf6-3e2747868642/submissions/e42e3de9-9c5c-4791-94b2-61ebeb5bca15/mhubai_workflow/50f87409-3d8d-45a3-9345-58d8160e6f2c/call-ai_combine_seg/shard-3/ai_combination_archive.tar.lz4"]	["bamf_nnunet_mr_prostate","nnunet_prostate_task24","monai_prostate158","nnunet_prostate_zonal_task05"]	["bamf_nnunet_mr_prostate","nnunet_prostate_task24","monai_prostate158","nnunet_prostate_zonal_task05"]	["default","default","default","default"]	["gs://fc-5af492dc-6993-4c91-bbf6-3e2747868642/submissions/e42e3de9-9c5c-4791-94b2-61ebeb5bca15/mhubai_workflow/50f87409-3d8d-45a3-9345-58d8160e6f2c/call-ai_rads/shard-0/radiomics_archive.tar.lz4","gs://fc-5af492dc-6993-4c91-bbf6-3e2747868642/submissions/e42e3de9-9c5c-4791-94b2-61ebeb5bca15/mhubai_workflow/50f87409-3d8d-45a3-9345-58d8160e6f2c/call-ai_rads/shard-1/radiomics_archive.tar.lz4","gs://fc-5af492dc-6993-4c91-bbf6-3e2747868642/submissions/e42e3de9-9c5c-4791-94b2-61ebeb5bca15/mhubai_workflow/50f87409-3d8d-45a3-9345-58d8160e6f2c/call-ai_rads/shard-2/radiomics_archive.tar.lz4","gs://fc-5af492dc-6993-4c91-bbf6-3e2747868642/submissions/e42e3de9-9c5c-4791-94b2-61ebeb5bca15/mhubai_workflow/50f87409-3d8d-45a3-9345-58d8160e6f2c/call-ai_rads/shard-3/radiomics_archive.tar.lz4"]	nii	["1.3.6.1.4.1.14519.5.2.1.7311.5101.765597225260617532326624425795","1.3.6.1.4.1.14519.5.2.1.7311.5101.341352097107587679521590034290","1.3.6.1.4.1.14519.5.2.1.7311.5101.126808882287123482193592987944","1.3.6.1.4.1.14519.5.2.1.7310.5101.491189432685088911046133238188","1.3.6.1.4.1.14519.5.2.1.7311.5101.236967836312224538274213979128","1.3.6.1.4.1.14519.5.2.1.7311.5101.900876193912787500283738398795","1.3.6.1.4.1.14519.5.2.1.7311.5101.138689767490385276541690275238","1.3.6.1.4.1.14519.5.2.1.7310.5101.254733956131960822463239274141","1.3.6.1.4.1.14519.5.2.1.7311.5101.334326985258868181144176796864","1.3.6.1.4.1.14519.5.2.1.7310.5101.306748150836286513093400468929","1.3.6.1.4.1.14519.5.2.1.7310.5101.182666056353308077379356745296","1.3.6.1.4.1.14519.5.2.1.7311.5101.196511587017551386049158542619"]
5	["1.3.6.1.4.1.14519.5.2.1.7310.5101.159723653521979678021961861137","1.3.6.1.4.1.14519.5.2.1.7310.5101.188666642699480965450596824050","1.3.6.1.4.1.14519.5.2.1.7311.5101.316221738600993580207459998782","1.3.6.1.4.1.14519.5.2.1.7311.5101.167645722622701958432880869057","1.3.6.1.4.1.14519.5.2.1.7310.5101.734207802416954343865854457581","1.3.6.1.4.1.14519.5.2.1.7310.5101.469513116788489685189214056544","1.3.6.1.4.1.14519.5.2.1.7311.5101.153896979704370973216840528836","1.3.6.1.4.1.14519.5.2.1.7311.5101.642364050859347724218756146878","1.3.6.1.4.1.14519.5.2.1.7311.5101.102067366318786461267805334681","1.3.6.1.4.1.14519.5.2.1.7311.5101.190686717844986628138940372161","1.3.6.1.4.1.14519.5.2.1.7311.5101.921573230265772467240278889710","1.3.6.1.4.1.14519.5.2.1.7311.5101.191500514886999099367649754336"]	"prostatex_inference_only"	["Prostatic_structure","Prostate"]	["41216001","T-9200B"]	["SCT","SRT"]	["Prostatic_structure","Structure_of_peripheral_glandular_zone_of_prostate_(body_structure)","Structure_of_transition_zone_of_prostate_(body_structure)"]	["41216001","279706003","399384005"]	["SCT","SCT","SCT"]	gs://fc-5af492dc-6993-4c91-bbf6-3e2747868642/submissions/e42e3de9-9c5c-4791-94b2-61ebeb5bca15/mhubai_workflow/dd2fd051-7340-4f1b-8f6b-90875f43bf5f/call-combine_outputs_inference/agg_archive.tar.lz4	["gs://fc-5af492dc-6993-4c91-bbf6-3e2747868642/submissions/e42e3de9-9c5c-4791-94b2-61ebeb5bca15/mhubai_workflow/dd2fd051-7340-4f1b-8f6b-90875f43bf5f/call-ai_combine_seg/shard-0/ai_combination_archive.tar.lz4","gs://fc-5af492dc-6993-4c91-bbf6-3e2747868642/submissions/e42e3de9-9c5c-4791-94b2-61ebeb5bca15/mhubai_workflow/dd2fd051-7340-4f1b-8f6b-90875f43bf5f/call-ai_combine_seg/shard-1/ai_combination_archive.tar.lz4","gs://fc-5af492dc-6993-4c91-bbf6-3e2747868642/submissions/e42e3de9-9c5c-4791-94b2-61ebeb5bca15/mhubai_workflow/dd2fd051-7340-4f1b-8f6b-90875f43bf5f/call-ai_combine_seg/shard-2/ai_combination_archive.tar.lz4","gs://fc-5af492dc-6993-4c91-bbf6-3e2747868642/submissions/e42e3de9-9c5c-4791-94b2-61ebeb5bca15/mhubai_workflow/dd2fd051-7340-4f1b-8f6b-90875f43bf5f/call-ai_combine_seg/shard-3/ai_combination_archive.tar.lz4"]	["bamf_nnunet_mr_prostate","nnunet_prostate_task24","monai_prostate158","nnunet_prostate_zonal_task05"]	["bamf_nnunet_mr_prostate","nnunet_prostate_task24","monai_prostate158","nnunet_prostate_zonal_task05"]	["default","default","default","default"]	["gs://fc-5af492dc-6993-4c91-bbf6-3e2747868642/submissions/e42e3de9-9c5c-4791-94b2-61ebeb5bca15/mhubai_workflow/dd2fd051-7340-4f1b-8f6b-90875f43bf5f/call-ai_rads/shard-0/radiomics_archive.tar.lz4","gs://fc-5af492dc-6993-4c91-bbf6-3e2747868642/submissions/e42e3de9-9c5c-4791-94b2-61ebeb5bca15/mhubai_workflow/dd2fd051-7340-4f1b-8f6b-90875f43bf5f/call-ai_rads/shard-1/radiomics_archive.tar.lz4","gs://fc-5af492dc-6993-4c91-bbf6-3e2747868642/submissions/e42e3de9-9c5c-4791-94b2-61ebeb5bca15/mhubai_workflow/dd2fd051-7340-4f1b-8f6b-90875f43bf5f/call-ai_rads/shard-2/radiomics_archive.tar.lz4","gs://fc-5af492dc-6993-4c91-bbf6-3e2747868642/submissions/e42e3de9-9c5c-4791-94b2-61ebeb5bca15/mhubai_workflow/dd2fd051-7340-4f1b-8f6b-90875f43bf5f/call-ai_rads/shard-3/radiomics_archive.tar.lz4"]	nii	["1.3.6.1.4.1.14519.5.2.1.7310.5101.107276353018221365492863559094","1.3.6.1.4.1.14519.5.2.1.7310.5101.304316830256441169563562899562","1.3.6.1.4.1.14519.5.2.1.7311.5101.124933244802704100684011471210","1.3.6.1.4.1.14519.5.2.1.7311.5101.785303327607349403635620326985","1.3.6.1.4.1.14519.5.2.1.7310.5101.232588581229371671938219739171","1.3.6.1.4.1.14519.5.2.1.7310.5101.272182982202384489078261422458","1.3.6.1.4.1.14519.5.2.1.7311.5101.238155789531438110361239421258","1.3.6.1.4.1.14519.5.2.1.7311.5101.323608747897754776819167940278","1.3.6.1.4.1.14519.5.2.1.7311.5101.180650601474055581355948988643","1.3.6.1.4.1.14519.5.2.1.7311.5101.366179132680001842620860741397","1.3.6.1.4.1.14519.5.2.1.7311.5101.257928599770116866513356683535","1.3.6.1.4.1.14519.5.2.1.7311.5101.245315537897059083725251245833"]
6	["1.3.6.1.4.1.14519.5.2.1.7311.5101.187096932537760230926628650340","1.3.6.1.4.1.14519.5.2.1.7310.5101.842636741198100533049146969300","1.3.6.1.4.1.14519.5.2.1.7311.5101.156120350250905489183047793861","1.3.6.1.4.1.14519.5.2.1.7310.5101.288834203098265790740866341506","1.3.6.1.4.1.14519.5.2.1.7311.5101.139487844902608227429504869433","1.3.6.1.4.1.14519.5.2.1.7311.5101.153896979704370973216840528836","1.3.6.1.4.1.14519.5.2.1.7310.5101.164027747441553460592838789703","1.3.6.1.4.1.14519.5.2.1.7311.5101.221993961260303678001678119526","1.3.6.1.4.1.14519.5.2.1.7311.5101.601590451227182566753957865134","1.3.6.1.4.1.14519.5.2.1.7311.5101.257852393842349051738823306891","1.3.6.1.4.1.14519.5.2.1.7311.5101.238075735334372803988607026559","1.3.6.1.4.1.14519.5.2.1.7311.5101.601590451227182566753957865134"]	"prostatex_inference_only"	["Prostatic_structure","Prostate"]	["41216001","T-9200B"]	["SCT","SRT"]	["Prostatic_structure","Structure_of_peripheral_glandular_zone_of_prostate_(body_structure)","Structure_of_transition_zone_of_prostate_(body_structure)"]	["41216001","279706003","399384005"]	["SCT","SCT","SCT"]	gs://fc-5af492dc-6993-4c91-bbf6-3e2747868642/submissions/e42e3de9-9c5c-4791-94b2-61ebeb5bca15/mhubai_workflow/909c1f57-2640-4ea8-8710-5b1b74aae25c/call-combine_outputs_inference/agg_archive.tar.lz4	["gs://fc-5af492dc-6993-4c91-bbf6-3e2747868642/submissions/e42e3de9-9c5c-4791-94b2-61ebeb5bca15/mhubai_workflow/909c1f57-2640-4ea8-8710-5b1b74aae25c/call-ai_combine_seg/shard-0/ai_combination_archive.tar.lz4","gs://fc-5af492dc-6993-4c91-bbf6-3e2747868642/submissions/e42e3de9-9c5c-4791-94b2-61ebeb5bca15/mhubai_workflow/909c1f57-2640-4ea8-8710-5b1b74aae25c/call-ai_combine_seg/shard-1/ai_combination_archive.tar.lz4","gs://fc-5af492dc-6993-4c91-bbf6-3e2747868642/submissions/e42e3de9-9c5c-4791-94b2-61ebeb5bca15/mhubai_workflow/909c1f57-2640-4ea8-8710-5b1b74aae25c/call-ai_combine_seg/shard-2/ai_combination_archive.tar.lz4","gs://fc-5af492dc-6993-4c91-bbf6-3e2747868642/submissions/e42e3de9-9c5c-4791-94b2-61ebeb5bca15/mhubai_workflow/909c1f57-2640-4ea8-8710-5b1b74aae25c/call-ai_combine_seg/shard-3/ai_combination_archive.tar.lz4"]	["bamf_nnunet_mr_prostate","nnunet_prostate_task24","monai_prostate158","nnunet_prostate_zonal_task05"]	["bamf_nnunet_mr_prostate","nnunet_prostate_task24","monai_prostate158","nnunet_prostate_zonal_task05"]	["default","default","default","default"]	["gs://fc-5af492dc-6993-4c91-bbf6-3e2747868642/submissions/e42e3de9-9c5c-4791-94b2-61ebeb5bca15/mhubai_workflow/909c1f57-2640-4ea8-8710-5b1b74aae25c/call-ai_rads/shard-0/radiomics_archive.tar.lz4","gs://fc-5af492dc-6993-4c91-bbf6-3e2747868642/submissions/e42e3de9-9c5c-4791-94b2-61ebeb5bca15/mhubai_workflow/909c1f57-2640-4ea8-8710-5b1b74aae25c/call-ai_rads/shard-1/radiomics_archive.tar.lz4","gs://fc-5af492dc-6993-4c91-bbf6-3e2747868642/submissions/e42e3de9-9c5c-4791-94b2-61ebeb5bca15/mhubai_workflow/909c1f57-2640-4ea8-8710-5b1b74aae25c/call-ai_rads/shard-2/radiomics_archive.tar.lz4","gs://fc-5af492dc-6993-4c91-bbf6-3e2747868642/submissions/e42e3de9-9c5c-4791-94b2-61ebeb5bca15/mhubai_workflow/909c1f57-2640-4ea8-8710-5b1b74aae25c/call-ai_rads/shard-3/radiomics_archive.tar.lz4"]	nii	["1.3.6.1.4.1.14519.5.2.1.7311.5101.248203933751895346486742820088","1.3.6.1.4.1.14519.5.2.1.7310.5101.234424615181029312892423746307","1.3.6.1.4.1.14519.5.2.1.7311.5101.242424835264181527414562151046","1.3.6.1.4.1.14519.5.2.1.7310.5101.877607202381357458819664904037","1.3.6.1.4.1.14519.5.2.1.7311.5101.941591881515408480538274555272","1.3.6.1.4.1.14519.5.2.1.7311.5101.226939533786316417608293472819","1.3.6.1.4.1.14519.5.2.1.7310.5101.128915395083536972793214199559","1.3.6.1.4.1.14519.5.2.1.7311.5101.195161857226628695667807122636","1.3.6.1.4.1.14519.5.2.1.7311.5101.236668750518079273920360526105","1.3.6.1.4.1.14519.5.2.1.7311.5101.666342438883185464672112795625","1.3.6.1.4.1.14519.5.2.1.7311.5101.304058605325520782900293953679","1.3.6.1.4.1.14519.5.2.1.7311.5101.158242672157347526184088769127"]
7	["1.3.6.1.4.1.14519.5.2.1.7310.5101.292928746880806507975308535506","1.3.6.1.4.1.14519.5.2.1.7311.5101.265082443803317696301620266828","1.3.6.1.4.1.14519.5.2.1.7311.5101.177325850071875392404704189037","1.3.6.1.4.1.14519.5.2.1.7311.5101.496198675860000469277455702327","1.3.6.1.4.1.14519.5.2.1.7311.5101.150786404502678853013147704182","1.3.6.1.4.1.14519.5.2.1.7311.5101.337441223549793157746472059725","1.3.6.1.4.1.14519.5.2.1.7311.5101.257852393842349051738823306891","1.3.6.1.4.1.14519.5.2.1.7311.5101.197158465109707478109981734795","1.3.6.1.4.1.14519.5.2.1.7310.5101.128747197565002202627346706784","1.3.6.1.4.1.14519.5.2.1.7311.5101.171482560488284086096160016141","1.3.6.1.4.1.14519.5.2.1.7311.5101.240852735582384150954088645834","1.3.6.1.4.1.14519.5.2.1.7310.5101.300844628939453367746166521383"]	"prostatex_inference_only"	["Prostatic_structure","Prostate"]	["41216001","T-9200B"]	["SCT","SRT"]	["Prostatic_structure","Structure_of_peripheral_glandular_zone_of_prostate_(body_structure)","Structure_of_transition_zone_of_prostate_(body_structure)"]	["41216001","279706003","399384005"]	["SCT","SCT","SCT"]	gs://fc-5af492dc-6993-4c91-bbf6-3e2747868642/submissions/e42e3de9-9c5c-4791-94b2-61ebeb5bca15/mhubai_workflow/fdaf425e-bafa-4ce1-8e7c-9a5b5b136fee/call-combine_outputs_inference/agg_archive.tar.lz4	["gs://fc-5af492dc-6993-4c91-bbf6-3e2747868642/submissions/e42e3de9-9c5c-4791-94b2-61ebeb5bca15/mhubai_workflow/fdaf425e-bafa-4ce1-8e7c-9a5b5b136fee/call-ai_combine_seg/shard-0/ai_combination_archive.tar.lz4","gs://fc-5af492dc-6993-4c91-bbf6-3e2747868642/submissions/e42e3de9-9c5c-4791-94b2-61ebeb5bca15/mhubai_workflow/fdaf425e-bafa-4ce1-8e7c-9a5b5b136fee/call-ai_combine_seg/shard-1/ai_combination_archive.tar.lz4","gs://fc-5af492dc-6993-4c91-bbf6-3e2747868642/submissions/e42e3de9-9c5c-4791-94b2-61ebeb5bca15/mhubai_workflow/fdaf425e-bafa-4ce1-8e7c-9a5b5b136fee/call-ai_combine_seg/shard-2/attempt-2/ai_combination_archive.tar.lz4","gs://fc-5af492dc-6993-4c91-bbf6-3e2747868642/submissions/e42e3de9-9c5c-4791-94b2-61ebeb5bca15/mhubai_workflow/fdaf425e-bafa-4ce1-8e7c-9a5b5b136fee/call-ai_combine_seg/shard-3/ai_combination_archive.tar.lz4"]	["bamf_nnunet_mr_prostate","nnunet_prostate_task24","monai_prostate158","nnunet_prostate_zonal_task05"]	["bamf_nnunet_mr_prostate","nnunet_prostate_task24","monai_prostate158","nnunet_prostate_zonal_task05"]	["default","default","default","default"]	["gs://fc-5af492dc-6993-4c91-bbf6-3e2747868642/submissions/e42e3de9-9c5c-4791-94b2-61ebeb5bca15/mhubai_workflow/fdaf425e-bafa-4ce1-8e7c-9a5b5b136fee/call-ai_rads/shard-0/radiomics_archive.tar.lz4","gs://fc-5af492dc-6993-4c91-bbf6-3e2747868642/submissions/e42e3de9-9c5c-4791-94b2-61ebeb5bca15/mhubai_workflow/fdaf425e-bafa-4ce1-8e7c-9a5b5b136fee/call-ai_rads/shard-1/radiomics_archive.tar.lz4","gs://fc-5af492dc-6993-4c91-bbf6-3e2747868642/submissions/e42e3de9-9c5c-4791-94b2-61ebeb5bca15/mhubai_workflow/fdaf425e-bafa-4ce1-8e7c-9a5b5b136fee/call-ai_rads/shard-2/radiomics_archive.tar.lz4","gs://fc-5af492dc-6993-4c91-bbf6-3e2747868642/submissions/e42e3de9-9c5c-4791-94b2-61ebeb5bca15/mhubai_workflow/fdaf425e-bafa-4ce1-8e7c-9a5b5b136fee/call-ai_rads/shard-3/radiomics_archive.tar.lz4"]	nii	["1.3.6.1.4.1.14519.5.2.1.7310.5101.314929585175109574243842033105","1.3.6.1.4.1.14519.5.2.1.7311.5101.928012760939767746081753156593","1.3.6.1.4.1.14519.5.2.1.7311.5101.105766764724449379107432362750","1.3.6.1.4.1.14519.5.2.1.7311.5101.176992287385407028701284533740","1.3.6.1.4.1.14519.5.2.1.7311.5101.289711251504454079274667690291","1.3.6.1.4.1.14519.5.2.1.7311.5101.262719318163046156031519223454","1.3.6.1.4.1.14519.5.2.1.7311.5101.166051030982074895918248397964","1.3.6.1.4.1.14519.5.2.1.7311.5101.813054628707353396925223754592","1.3.6.1.4.1.14519.5.2.1.7310.5101.303875678884728281480215171230","1.3.6.1.4.1.14519.5.2.1.7311.5101.312442050391027773578890036831","1.3.6.1.4.1.14519.5.2.1.7311.5101.156910737340231640626298466189","1.3.6.1.4.1.14519.5.2.1.7310.5101.127076787998581344993055912043"]
8	["1.3.6.1.4.1.14519.5.2.1.7311.5101.204191357026994574340605480003","1.3.6.1.4.1.14519.5.2.1.7311.5101.172454961469077435872959972126","1.3.6.1.4.1.14519.5.2.1.7310.5101.112395076734097647857648285895","1.3.6.1.4.1.14519.5.2.1.7310.5101.921606213639757487654285522443","1.3.6.1.4.1.14519.5.2.1.7311.5101.183355285133688535790448729009","1.3.6.1.4.1.14519.5.2.1.7311.5101.196922965556954239677211265863","1.3.6.1.4.1.14519.5.2.1.7311.5101.120802453779276660250207896652","1.3.6.1.4.1.14519.5.2.1.7311.5101.824058088921163684863998049959","1.3.6.1.4.1.14519.5.2.1.7311.5101.113587902766851049603808506140","1.3.6.1.4.1.14519.5.2.1.7311.5101.259263957298009290599968267098","1.3.6.1.4.1.14519.5.2.1.7310.5101.151909252503198589835215259169","1.3.6.1.4.1.14519.5.2.1.7311.5101.159427298525459726784886964494"]	"prostatex_inference_only"	["Prostatic_structure","Prostate"]	["41216001","T-9200B"]	["SCT","SRT"]	["Prostatic_structure","Structure_of_peripheral_glandular_zone_of_prostate_(body_structure)","Structure_of_transition_zone_of_prostate_(body_structure)"]	["41216001","279706003","399384005"]	["SCT","SCT","SCT"]	gs://fc-5af492dc-6993-4c91-bbf6-3e2747868642/submissions/e42e3de9-9c5c-4791-94b2-61ebeb5bca15/mhubai_workflow/32caa522-fcc7-4fdd-9e31-6f7da208db17/call-combine_outputs_inference/agg_archive.tar.lz4	["gs://fc-5af492dc-6993-4c91-bbf6-3e2747868642/submissions/e42e3de9-9c5c-4791-94b2-61ebeb5bca15/mhubai_workflow/32caa522-fcc7-4fdd-9e31-6f7da208db17/call-ai_combine_seg/shard-0/ai_combination_archive.tar.lz4","gs://fc-5af492dc-6993-4c91-bbf6-3e2747868642/submissions/e42e3de9-9c5c-4791-94b2-61ebeb5bca15/mhubai_workflow/32caa522-fcc7-4fdd-9e31-6f7da208db17/call-ai_combine_seg/shard-1/ai_combination_archive.tar.lz4","gs://fc-5af492dc-6993-4c91-bbf6-3e2747868642/submissions/e42e3de9-9c5c-4791-94b2-61ebeb5bca15/mhubai_workflow/32caa522-fcc7-4fdd-9e31-6f7da208db17/call-ai_combine_seg/shard-2/ai_combination_archive.tar.lz4","gs://fc-5af492dc-6993-4c91-bbf6-3e2747868642/submissions/e42e3de9-9c5c-4791-94b2-61ebeb5bca15/mhubai_workflow/32caa522-fcc7-4fdd-9e31-6f7da208db17/call-ai_combine_seg/shard-3/ai_combination_archive.tar.lz4"]	["bamf_nnunet_mr_prostate","nnunet_prostate_task24","monai_prostate158","nnunet_prostate_zonal_task05"]	["bamf_nnunet_mr_prostate","nnunet_prostate_task24","monai_prostate158","nnunet_prostate_zonal_task05"]	["default","default","default","default"]	["gs://fc-5af492dc-6993-4c91-bbf6-3e2747868642/submissions/e42e3de9-9c5c-4791-94b2-61ebeb5bca15/mhubai_workflow/32caa522-fcc7-4fdd-9e31-6f7da208db17/call-ai_rads/shard-0/radiomics_archive.tar.lz4","gs://fc-5af492dc-6993-4c91-bbf6-3e2747868642/submissions/e42e3de9-9c5c-4791-94b2-61ebeb5bca15/mhubai_workflow/32caa522-fcc7-4fdd-9e31-6f7da208db17/call-ai_rads/shard-1/radiomics_archive.tar.lz4","gs://fc-5af492dc-6993-4c91-bbf6-3e2747868642/submissions/e42e3de9-9c5c-4791-94b2-61ebeb5bca15/mhubai_workflow/32caa522-fcc7-4fdd-9e31-6f7da208db17/call-ai_rads/shard-2/radiomics_archive.tar.lz4","gs://fc-5af492dc-6993-4c91-bbf6-3e2747868642/submissions/e42e3de9-9c5c-4791-94b2-61ebeb5bca15/mhubai_workflow/32caa522-fcc7-4fdd-9e31-6f7da208db17/call-ai_rads/shard-3/radiomics_archive.tar.lz4"]	nii	["1.3.6.1.4.1.14519.5.2.1.7311.5101.254720210057539290153454291675","1.3.6.1.4.1.14519.5.2.1.7311.5101.109177039401754943775885602055","1.3.6.1.4.1.14519.5.2.1.7310.5101.214784992900164494786248522083","1.3.6.1.4.1.14519.5.2.1.7310.5101.174287954197354075208529664718","1.3.6.1.4.1.14519.5.2.1.7311.5101.333332554059735467244825907777","1.3.6.1.4.1.14519.5.2.1.7311.5101.331790498051540524922995906154","1.3.6.1.4.1.14519.5.2.1.7311.5101.469973634568975241672898863188","1.3.6.1.4.1.14519.5.2.1.7311.5101.175571642712029852692219295919","1.3.6.1.4.1.14519.5.2.1.7311.5101.343916378102532535787148689111","1.3.6.1.4.1.14519.5.2.1.7311.5101.905763996607212880296069425861","1.3.6.1.4.1.14519.5.2.1.7310.5101.137806782257611702189792788042","1.3.6.1.4.1.14519.5.2.1.7311.5101.374654359343007468165376476067"]
9	["1.3.6.1.4.1.14519.5.2.1.7311.5101.194312258027431340351080955570","1.3.6.1.4.1.14519.5.2.1.7311.5101.174421856761031161547506070040","1.3.6.1.4.1.14519.5.2.1.7311.5101.304834841689980606217015603535","1.3.6.1.4.1.14519.5.2.1.7311.5101.324911251628179928918178429724"]	"prostatex_inference_only"	["Prostatic_structure","Prostate"]	["41216001","T-9200B"]	["SCT","SRT"]	["Prostatic_structure","Structure_of_peripheral_glandular_zone_of_prostate_(body_structure)","Structure_of_transition_zone_of_prostate_(body_structure)"]	["41216001","279706003","399384005"]	["SCT","SCT","SCT"]	gs://fc-5af492dc-6993-4c91-bbf6-3e2747868642/submissions/e42e3de9-9c5c-4791-94b2-61ebeb5bca15/mhubai_workflow/beb024fc-eb34-4c30-b82b-6c88ab76d907/call-combine_outputs_inference/agg_archive.tar.lz4	["gs://fc-5af492dc-6993-4c91-bbf6-3e2747868642/submissions/e42e3de9-9c5c-4791-94b2-61ebeb5bca15/mhubai_workflow/beb024fc-eb34-4c30-b82b-6c88ab76d907/call-ai_combine_seg/shard-0/ai_combination_archive.tar.lz4","gs://fc-5af492dc-6993-4c91-bbf6-3e2747868642/submissions/e42e3de9-9c5c-4791-94b2-61ebeb5bca15/mhubai_workflow/beb024fc-eb34-4c30-b82b-6c88ab76d907/call-ai_combine_seg/shard-1/ai_combination_archive.tar.lz4","gs://fc-5af492dc-6993-4c91-bbf6-3e2747868642/submissions/e42e3de9-9c5c-4791-94b2-61ebeb5bca15/mhubai_workflow/beb024fc-eb34-4c30-b82b-6c88ab76d907/call-ai_combine_seg/shard-2/ai_combination_archive.tar.lz4","gs://fc-5af492dc-6993-4c91-bbf6-3e2747868642/submissions/e42e3de9-9c5c-4791-94b2-61ebeb5bca15/mhubai_workflow/beb024fc-eb34-4c30-b82b-6c88ab76d907/call-ai_combine_seg/shard-3/ai_combination_archive.tar.lz4"]	["bamf_nnunet_mr_prostate","nnunet_prostate_task24","monai_prostate158","nnunet_prostate_zonal_task05"]	["bamf_nnunet_mr_prostate","nnunet_prostate_task24","monai_prostate158","nnunet_prostate_zonal_task05"]	["default","default","default","default"]	["gs://fc-5af492dc-6993-4c91-bbf6-3e2747868642/submissions/e42e3de9-9c5c-4791-94b2-61ebeb5bca15/mhubai_workflow/beb024fc-eb34-4c30-b82b-6c88ab76d907/call-ai_rads/shard-0/radiomics_archive.tar.lz4","gs://fc-5af492dc-6993-4c91-bbf6-3e2747868642/submissions/e42e3de9-9c5c-4791-94b2-61ebeb5bca15/mhubai_workflow/beb024fc-eb34-4c30-b82b-6c88ab76d907/call-ai_rads/shard-1/radiomics_archive.tar.lz4","gs://fc-5af492dc-6993-4c91-bbf6-3e2747868642/submissions/e42e3de9-9c5c-4791-94b2-61ebeb5bca15/mhubai_workflow/beb024fc-eb34-4c30-b82b-6c88ab76d907/call-ai_rads/shard-2/radiomics_archive.tar.lz4","gs://fc-5af492dc-6993-4c91-bbf6-3e2747868642/submissions/e42e3de9-9c5c-4791-94b2-61ebeb5bca15/mhubai_workflow/beb024fc-eb34-4c30-b82b-6c88ab76d907/call-ai_rads/shard-3/radiomics_archive.tar.lz4"]	nii	["1.3.6.1.4.1.14519.5.2.1.7311.5101.101130934168942593154270621032","1.3.6.1.4.1.14519.5.2.1.7311.5101.460453169764361555745878708935","1.3.6.1.4.1.14519.5.2.1.7311.5101.165636727522505811947315188478","1.3.6.1.4.1.14519.5.2.1.7311.5101.972587624360040843943663321466"]
